Dataset,Domain,Model,Accuracy,ROC_AUC,F1_Score,DPD_Scalar,EOD_Scalar,W2_H0_Fragmentation,W2_H1_Void_Disparity
German_Credit,Finance,MLP,0.6660 ± 0.0334,0.5866 ± 0.0277,0.2249 ± 0.1306,0.0775 ± 0.0533,0.0768 ± 0.1020,2.4223 ± 0.1138,0.3161 ± 0.0458
German_Credit,Finance,RandomForest,0.7130 ± 0.0081,0.6617 ± 0.0338,0.2131 ± 0.0277,0.0888 ± 0.0504,0.1086 ± 0.0465,8.2229 ± 1.9254,0.0070 ± 0.0109
German_Credit,Finance,XGBoost,0.6540 ± 0.0146,0.6238 ± 0.0099,0.3508 ± 0.0381,0.1248 ± 0.0833,0.1354 ± 0.0941,8.4169 ± 0.8470,0.0881 ± 0.1654
Taiwan_Credit,Finance,MLP,0.7789 ± 0.0005,0.6700 ± 0.0338,0.0239 ± 0.0361,0.0023 ± 0.0039,0.0047 ± 0.0061,1.7550 ± 0.6555,0.4183 ± 0.0463
Taiwan_Credit,Finance,RandomForest,0.7837 ± 0.0021,0.7248 ± 0.0059,0.0942 ± 0.0144,0.0132 ± 0.0035,0.0279 ± 0.0112,3.8836 ± 1.0928,0.4858 ± 0.0764
Taiwan_Credit,Finance,XGBoost,0.7904 ± 0.0021,0.7231 ± 0.0056,0.3096 ± 0.0122,0.0253 ± 0.0087,0.0395 ± 0.0200,4.7469 ± 2.2234,0.2053 ± 0.0891
Cleveland_Heart,Healthcare,MLP,0.5479 ± 0.1237,0.5434 ± 0.2003,0.6101 ± 0.0745,0.1120 ± 0.0368,0.1092 ± 0.0658,1.0159 ± 0.1054,0.1154 ± 0.0119
Cleveland_Heart,Healthcare,RandomForest,0.7236 ± 0.0463,0.7876 ± 0.0384,0.6828 ± 0.0677,0.1378 ± 0.0951,0.1104 ± 0.0879,2.5307 ± 0.6758,0.0000 ± 0.0000
Cleveland_Heart,Healthcare,XGBoost,0.6632 ± 0.0559,0.7174 ± 0.0462,0.6301 ± 0.0645,0.0472 ± 0.0274,0.1245 ± 0.1070,0.5797 ± 0.7107,0.0000 ± 0.0000
Diabetes_130,Healthcare,MLP,0.5320 ± 0.0111,0.5516 ± 0.0162,0.5045 ± 0.0499,0.0379 ± 0.0113,0.0477 ± 0.0328,0.4754 ± 0.1141,0.2448 ± 0.0249
Diabetes_130,Healthcare,RandomForest,0.5328 ± 0.0098,0.5416 ± 0.0114,0.5719 ± 0.0137,0.0534 ± 0.0377,0.0407 ± 0.0543,3.7138 ± 1.9278,0.2842 ± 0.0696
Diabetes_130,Healthcare,XGBoost,0.5256 ± 0.0126,0.5224 ± 0.0180,0.5364 ± 0.0191,0.0586 ± 0.0375,0.0837 ± 0.0406,3.5574 ± 1.5300,0.3181 ± 0.2196
