Dataset,Domain,Model,Fold,Accuracy,ROC_AUC,F1_Score,DPD,EOD,W2_H0,W2_H1
German_Credit,Finance,MLP,1,0.645,0.5480952380952382,0.21978021978021978,0.16334831941768357,0.28,2.39480351042224,0.2789142076607577
German_Credit,Finance,MLP,2,0.61,0.5828571428571429,0.44285714285714284,0.11363636363636365,0.03525046382189234,2.298620368805426,0.312155196566606
German_Credit,Finance,MLP,3,0.69,0.6207142857142857,0.225,0.047425474254742556,0.0369357045143639,2.58497708700801,0.3707772606381587
German_Credit,Finance,MLP,4,0.695,0.6145238095238095,0.031746031746031744,0.017045454545454544,0.0196078431372549,2.521702498469657,0.36418926312319305
German_Credit,Finance,MLP,5,0.69,0.5669047619047618,0.20512820512820512,0.04613385315139701,0.0124223602484472,2.311340517533574,0.2543801693492484
German_Credit,Finance,RandomForest,1,0.71,0.6534523809523809,0.23684210526315788,0.16441875401412973,0.18,10.245955427719986,0.006758686586889606
German_Credit,Finance,RandomForest,2,0.715,0.6807142857142857,0.2191780821917808,0.02083333333333333,0.05194805194805194,8.401641740950428,0.0
German_Credit,Finance,RandomForest,3,0.7,0.6563095238095238,0.1891891891891892,0.11788617886178861,0.08344733242134064,6.071561356721242,0.0
German_Credit,Finance,RandomForest,4,0.715,0.7102380952380952,0.17391304347826086,0.09090909090909091,0.1437908496732026,10.40930676409326,0.02818115009037801
German_Credit,Finance,RandomForest,5,0.725,0.6078571428571429,0.2465753424657534,0.049707602339181284,0.08385093167701863,5.98622706727729,0.0
German_Credit,Finance,XGBoost,1,0.65,0.6113095238095237,0.3,0.28259473346178543,0.3,8.129945755975779,0.0
German_Credit,Finance,XGBoost,2,0.66,0.6382142857142856,0.40350877192982454,0.07196969696969696,0.08719851576994431,7.671560453667536,0.0
German_Credit,Finance,XGBoost,3,0.63,0.628452380952381,0.3148148148148148,0.0799457994579946,0.015047879616963078,9.745269682901519,0.4185520819212851
German_Credit,Finance,XGBoost,4,0.675,0.6140476190476191,0.36893203883495146,0.13446969696969696,0.15032679738562088,9.023893129273844,0.0220618463691149
German_Credit,Finance,XGBoost,5,0.655,0.6267857142857143,0.3669724770642202,0.05490578297595844,0.124223602484472,7.5136523117533605,0.0
Taiwan_Credit,Finance,MLP,1,0.779,0.7082365205685757,0.09549795361527967,0.010210919569114272,0.016756258032429514,1.056813163367353,0.3696087197318011
Taiwan_Credit,Finance,MLP,2,0.7785,0.6647650059159136,0.0015026296018031556,0.0004203118839023669,0.0016806722689075631,1.184090647751893,0.5038445111307687
Taiwan_Credit,Finance,MLP,3,0.7786666666666666,0.6085565703085806,0.0,0.0002788622420524261,0.0,1.6095314890554422,0.39160004240294904
Taiwan_Credit,Finance,MLP,4,0.7798333333333334,0.6796677541669818,0.011967090501121914,9.133151513363198e-05,0.002085086489013558,2.0663702555833288,0.42498788098023726
Taiwan_Credit,Finance,MLP,5,0.7786666666666666,0.6888592309296249,0.010432190760059613,0.0006599446343018675,0.0028288054003209207,2.858253595628826,0.40133167377782414
Taiwan_Credit,Finance,RandomForest,1,0.7803333333333333,0.7349477372245833,0.07183098591549296,0.010995515795234346,0.019923911249933184,4.540639194015334,0.5275441412843158
Taiwan_Credit,Finance,RandomForest,2,0.7855,0.718726490956159,0.11180124223602485,0.011802718363641218,0.020356339257014286,5.019085681671815,0.5916633472623052
Taiwan_Credit,Finance,RandomForest,3,0.7861666666666667,0.7280243203149908,0.104675505931612,0.011334236843917083,0.018688161627343804,2.0489674549825017,0.4120551491870054
Taiwan_Credit,Finance,RandomForest,4,0.7835,0.7216729174686114,0.09854267869535045,0.020291052462227396,0.04797335203366059,4.5690632426602145,0.38546925859844694
Taiwan_Credit,Finance,RandomForest,5,0.7828333333333334,0.7208604771659605,0.084328882642305,0.011796118550434224,0.03255085855511905,3.2403314496639015,0.5124108716785541
Taiwan_Credit,Finance,XGBoost,1,0.7895,0.73109435279646,0.3010514665190924,0.02950891535854093,0.04659215825716323,2.372857947343445,0.27878002754280057
Taiwan_Credit,Finance,XGBoost,2,0.7876666666666666,0.7171980453053997,0.31135135135135134,0.02151185352338922,0.036155117784818835,3.240203005057551,0.33112363958504626
Taiwan_Credit,Finance,XGBoost,3,0.7941666666666667,0.7260778823529032,0.33279308481901676,0.0403234339932842,0.07319587628865976,3.9546445286456464,0.1337614691390132
Taiwan_Credit,Finance,XGBoost,4,0.7908333333333334,0.7248984086781138,0.3000557724484105,0.018728581003325875,0.02823515661524076,8.705912831879091,0.1924590267323113
Taiwan_Credit,Finance,XGBoost,5,0.7898333333333334,0.7162828808120404,0.3029297954671089,0.01663756989928096,0.013394750917575027,5.460767830012917,0.09052711313724915
Cleveland_Heart,Healthcare,MLP,1,0.75,0.8258928571428572,0.7272727272727273,0.06818181818181818,0.06060606060606066,1.1262553345976936,0.13328519398646527
Cleveland_Heart,Healthcare,MLP,2,0.6333333333333333,0.7154017857142857,0.6206896551724138,0.11553273427471122,0.19130434782608696,0.9015895783425905,0.10757487691437477
Cleveland_Heart,Healthcare,MLP,3,0.4745762711864407,0.34837962962962965,0.6075949367088608,0.10384615384615381,0.13043478260869568,1.0726705548529802,0.12072330177601688
Cleveland_Heart,Healthcare,MLP,4,0.4406779661016949,0.3148148148148148,0.6024096385542169,0.0938375350140056,0.15454545454545454,1.102867680812144,0.0982147457713771
Cleveland_Heart,Healthcare,MLP,5,0.4406779661016949,0.5127314814814815,0.49230769230769234,0.1785714285714286,0.009090909090909038,0.8761167088693799,0.11735568970020438
Cleveland_Heart,Healthcare,RandomForest,1,0.8,0.8604910714285714,0.7931034482758621,0.08522727272727271,0.015151515151515138,1.547180449873221,0.0
Cleveland_Heart,Healthcare,RandomForest,2,0.7333333333333333,0.7834821428571429,0.6923076923076923,0.12323491655969193,0.05217391304347829,3.3540299060670704,0.0
Cleveland_Heart,Healthcare,RandomForest,3,0.7288135593220338,0.7685185185185186,0.7037037037037037,0.3141025641025641,0.23913043478260865,3.1833608403617712,0.0
Cleveland_Heart,Healthcare,RandomForest,4,0.6610169491525424,0.7476851851851851,0.6,0.134453781512605,0.19090909090909092,2.0713487475149157,0.0
Cleveland_Heart,Healthcare,RandomForest,5,0.6949152542372882,0.7777777777777778,0.625,0.03214285714285714,0.054545454545454564,2.4977655258382514,0.0
Cleveland_Heart,Healthcare,XGBoost,1,0.75,0.7957589285714285,0.7368421052631579,0.0625,0.31818181818181823,0.0,0.0
Cleveland_Heart,Healthcare,XGBoost,2,0.6166666666666667,0.7276785714285714,0.6101694915254238,0.014120667522464658,0.05217391304347829,1.4978041280944943,0.0
Cleveland_Heart,Healthcare,XGBoost,3,0.6949152542372882,0.716435185185185,0.6666666666666666,0.08717948717948715,0.09782608695652173,1.400738605424775,0.0
Cleveland_Heart,Healthcare,XGBoost,4,0.5932203389830508,0.65625,0.5714285714285714,0.053221288515406195,0.009090909090909038,0.0,0.0
Cleveland_Heart,Healthcare,XGBoost,5,0.6610169491525424,0.6909722222222221,0.5652173913043478,0.019047619047619035,0.14545454545454545,0.0,0.0
Diabetes_130,Healthcare,MLP,1,0.512,0.523336,0.4351851851851852,0.034912558600937615,0.09999359836118049,0.3354921532343051,0.28934220587856385
Diabetes_130,Healthcare,MLP,2,0.536,0.555408,0.5433070866141733,0.020912395317929322,0.016000000000000014,0.5564057768565234,0.2349912840162522
Diabetes_130,Healthcare,MLP,3,0.532,0.550864,0.463302752293578,0.055079931510137514,0.023999999999999966,0.5952705569365373,0.25283711853865526
Diabetes_130,Healthcare,MLP,4,0.534,0.554672,0.570902394106814,0.0346262160778289,0.026255122950819665,0.3384885330825274,0.21831209494756196
Diabetes_130,Healthcare,MLP,5,0.546,0.5736479999999999,0.509719222462203,0.043890410081503906,0.07245263696876597,0.5515338140889177,0.22858100801424155
Diabetes_130,Healthcare,RandomForest,1,0.538,0.55116,0.5666041275797373,0.12052992847885569,0.14871006977786316,7.437277540754637,0.21001308346524633
Diabetes_130,Healthcare,RandomForest,2,0.514,0.519824,0.5605786618444847,0.010071896366751543,0.02400000000000002,3.3491083666583243,0.3804850191582662
Diabetes_130,Healthcare,RandomForest,3,0.532,0.542712,0.5617977528089888,0.026371797538845554,0.016000000000000014,2.110951535946529,0.2054490888748607
Diabetes_130,Healthcare,RandomForest,4,0.54,0.550656,0.5979020979020979,0.053699436763952835,0.008837090163934413,3.3220713683796745,0.34086989266028256
Diabetes_130,Healthcare,RandomForest,5,0.54,0.543744,0.5724907063197026,0.0563001393092184,0.006144393241167445,2.349390198694581,0.28429950089873196
Diabetes_130,Healthcare,XGBoost,1,0.52,0.5228079999999999,0.5419847328244275,0.11638586217379476,0.10985212214326867,2.752655972214724,0.47511969934018555
Diabetes_130,Healthcare,XGBoost,2,0.532,0.510024,0.5534351145038168,0.033338137099485965,0.136,4.999684707855713,0.3766806852288779
Diabetes_130,Healthcare,XGBoost,3,0.526,0.543936,0.5288270377733598,0.07986750092013245,0.08799999999999997,2.041195566931019,0.13838215937290158
Diabetes_130,Healthcare,XGBoost,4,0.544,0.5394720000000001,0.5546875,0.05561955965181775,0.06877561475409832,2.223009248033703,0.0
Diabetes_130,Healthcare,XGBoost,5,0.506,0.495656,0.5030181086519114,0.007670013290419719,0.01600102406554016,5.7703957587489425,0.6001562050193152
